time,dew_point_2m (°C),temperature_2m (°C),wind_direction_10m (°),wind_speed_100m (km/h),relative_humidity_2m (%),soil_moisture_0_to_7cm (m³/m³),cloud_cover (%),cloud_cover_high (%),cloud_cover_mid (%),cloud_cover_low (%),soil_moisture_7_to_28cm (m³/m³),soil_moisture_28_to_100cm (m³/m³),vapour_pressure_deficit (kPa)
2024-04-01 00:00:00,17.4,20.2,100,20.0,84,0.467,63,62,0,3,0.486,0.47,0.38
2024-04-01 01:00:00,16.5,19.7,93,19.5,82,0.467,3,1,0,2,0.485,0.47,0.42
2024-04-01 02:00:00,15.0,19.2,80,20.6,77,0.468,4,0,4,0,0.485,0.47,0.51
2024-04-01 03:00:00,14.1,19.0,97,21.5,73,0.468,12,2,10,0,0.485,0.47,0.59
2024-04-01 04:00:00,13.9,19.0,121,24.4,73,0.468,47,39,12,8,0.484,0.47,0.6
2024-04-01 05:00:00,14.1,19.6,124,27.6,71,0.468,84,81,17,7,0.484,0.47,0.67
2024-04-01 06:00:00,14.2,19.6,111,25.3,71,0.468,99,98,14,6,0.484,0.47,0.65
2024-04-01 07:00:00,14.8,20.0,109,22.2,72,0.468,100,100,18,11,0.483,0.471,0.66
2024-04-01 08:00:00,16.3,21.4,92,23.0,73,0.468,99,99,4,5,0.483,0.471,0.7
2024-04-01 09:00:00,17.3,22.9,132,25.8,71,0.464,100,100,14,14,0.482,0.471,0.82
2024-04-01 10:00:00,18.0,23.2,137,30.8,72,0.464,100,100,8,6,0.481,0.471,0.79
2024-04-01 11:00:00,19.0,23.3,127,26.1,77,0.466,100,100,31,5,0.481,0.471,0.66
2024-04-01 12:00:00,19.2,24.2,131,24.0,73,0.466,100,100,12,7,0.48,0.471,0.8
2024-04-01 13:00:00,19.6,24.8,129,25.3,73,0.466,100,100,33,3,0.48,0.471,0.84
2024-04-01 14:00:00,20.5,25.7,153,25.4,73,0.465,100,100,77,39,0.479,0.471,0.89
2024-04-01 15:00:00,21.1,24.7,147,16.9,80,0.469,96,95,10,14,0.479,0.471,0.61
2024-04-01 16:00:00,21.5,26.1,131,17.8,76,0.467,100,52,2,100,0.478,0.471,0.83
2024-04-01 17:00:00,21.4,26.2,140,19.7,75,0.467,96,23,26,94,0.478,0.471,0.85
2024-04-01 18:00:00,20.7,23.6,139,33.9,84,0.467,74,13,20,70,0.478,0.471,0.48
2024-04-01 19:00:00,20.2,21.9,130,30.6,90,0.49,84,61,45,40,0.477,0.471,0.27
2024-04-01 20:00:00,19.6,21.3,129,30.1,90,0.501,85,60,48,35,0.494,0.471,0.25
2024-04-01 21:00:00,20.0,21.5,136,28.3,91,0.508,100,100,25,16,0.483,0.47,0.23
2024-04-01 22:00:00,19.8,21.0,129,25.7,93,0.515,100,100,62,65,0.499,0.47,0.17
2024-04-01 23:00:00,19.9,21.0,144,28.7,94,0.51,100,100,16,38,0.501,0.471,0.16
2024-04-02 00:00:00,19.8,21.2,154,34.1,92,0.506,100,100,24,56,0.501,0.471,0.2
2024-04-02 01:00:00,19.9,20.9,99,17.4,94,0.52,100,100,37,73,0.508,0.471,0.15
2024-04-02 02:00:00,19.8,20.1,54,19.1,98,0.52,100,100,100,100,0.52,0.478,0.04
2024-04-02 03:00:00,19.5,20.2,81,20.9,96,0.504,100,100,35,91,0.518,0.49,0.1
2024-04-02 04:00:00,19.6,21.2,158,40.0,91,0.502,100,100,56,28,0.515,0.491,0.23
2024-04-02 05:00:00,19.9,21.5,168,42.6,91,0.501,96,82,11,74,0.514,0.491,0.23
2024-04-02 06:00:00,19.8,21.3,157,42.6,91,0.5,46,35,0,16,0.512,0.492,0.23
2024-04-02 07:00:00,20.2,22.3,172,41.3,88,0.498,15,1,0,13,0.511,0.492,0.32
2024-04-02 08:00:00,21.3,24.6,182,40.8,82,0.497,36,1,8,31,0.51,0.492,0.55
2024-04-02 09:00:00,20.2,21.3,117,19.7,94,0.512,100,95,33,98,0.507,0.517,0.16
2024-04-02 10:00:00,20.0,21.8,132,14.5,90,0.509,100,100,49,96,0.514,0.52,0.27
2024-04-02 11:00:00,19.9,21.5,137,10.9,90,0.52,100,100,79,95,0.491,0.519,0.25
2024-04-02 12:00:00,20.0,21.1,81,7.9,93,0.52,100,100,42,100,0.514,0.52,0.16
2024-04-02 13:00:00,19.9,21.4,144,21.7,91,0.502,100,100,5,100,0.507,0.519,0.22
2024-04-02 14:00:00,20.9,24.7,184,26.3,79,0.5,100,100,8,57,0.505,0.518,0.64
2024-04-02 15:00:00,21.1,24.3,152,26.1,82,0.498,100,100,0,65,0.502,0.518,0.54
2024-04-02 16:00:00,20.7,23.9,156,22.3,83,0.496,43,23,7,19,0.5,0.517,0.52
2024-04-02 17:00:00,21.2,24.2,174,14.3,84,0.494,99,98,43,39,0.498,0.517,0.49
2024-04-02 18:00:00,21.5,23.0,266,7.8,91,0.495,97,97,4,4,0.497,0.517,0.24
2024-04-02 19:00:00,21.0,21.8,167,18.8,95,0.494,100,100,66,26,0.496,0.516,0.12
2024-04-02 20:00:00,19.9,21.2,162,6.6,93,0.498,100,100,8,100,0.495,0.516,0.19
2024-04-02 21:00:00,20.4,20.8,12,20.1,98,0.506,100,100,19,5,0.495,0.519,0.05
2024-04-02 22:00:00,20.1,20.5,360,15.6,98,0.504,100,100,27,51,0.494,0.518,0.06
2024-04-02 23:00:00,20.0,20.3,347,9.4,98,0.501,100,96,63,100,0.493,0.518,0.05
2024-04-03 00:00:00,19.9,20.3,353,9.0,98,0.499,100,100,8,16,0.492,0.517,0.06
2024-04-03 01:00:00,19.5,19.8,329,15.5,98,0.498,81,72,12,25,0.491,0.517,0.04
2024-04-03 02:00:00,19.2,19.7,307,18.8,97,0.496,87,81,7,22,0.49,0.516,0.06
2024-04-03 03:00:00,19.2,19.6,323,20.0,98,0.495,100,100,0,100,0.489,0.516,0.06
2024-04-03 04:00:00,18.4,19.2,352,23.5,95,0.494,100,100,5,100,0.489,0.515,0.11
2024-04-03 05:00:00,17.4,18.4,5,24.9,94,0.493,100,100,1,100,0.488,0.515,0.13
2024-04-03 06:00:00,16.5,17.7,5,26.4,93,0.492,100,100,4,100,0.487,0.515,0.15
2024-04-03 07:00:00,15.7,17.2,1,27.7,91,0.491,100,100,3,100,0.487,0.514,0.18
2024-04-03 08:00:00,15.4,17.2,360,26.3,89,0.49,100,100,0,78,0.486,0.514,0.21
2024-04-03 09:00:00,15.3,17.3,349,22.3,88,0.493,100,100,63,5,0.482,0.513,0.23
2024-04-03 10:00:00,15.5,17.6,351,24.8,87,0.492,100,100,4,40,0.482,0.513,0.25
2024-04-03 11:00:00,15.5,18.6,357,24.1,82,0.49,100,100,32,97,0.482,0.513,0.38
2024-04-03 12:00:00,15.6,19.0,360,23.8,80,0.489,100,99,20,100,0.481,0.512,0.43
2024-04-03 13:00:00,15.7,19.8,1,28.4,77,0.487,100,89,13,100,0.48,0.512,0.53
2024-04-03 14:00:00,15.3,19.4,352,27.6,77,0.485,100,94,50,100,0.48,0.512,0.52
2024-04-03 15:00:00,14.9,18.5,349,30.0,80,0.484,100,56,30,100,0.479,0.511,0.44
2024-04-03 16:00:00,15.0,18.6,357,29.6,80,0.484,100,100,27,100,0.479,0.511,0.43
2024-04-03 17:00:00,14.9,18.5,353,29.7,80,0.483,100,100,93,100,0.478,0.511,0.43
2024-04-03 18:00:00,14.7,18.1,350,27.0,80,0.483,100,100,83,100,0.478,0.511,0.41
2024-04-03 19:00:00,14.7,17.9,355,28.5,82,0.482,100,100,100,100,0.478,0.51,0.37
2024-04-03 20:00:00,14.7,17.7,351,31.2,83,0.489,100,89,100,100,0.477,0.51,0.35
2024-04-03 21:00:00,14.5,16.3,1,25.3,89,0.497,100,98,38,100,0.488,0.518,0.2
2024-04-03 22:00:00,14.5,16.2,350,29.5,90,0.496,100,95,43,100,0.487,0.517,0.19
2024-04-03 23:00:00,14.4,16.3,360,26.3,89,0.495,100,29,47,100,0.486,0.516,0.21
2024-04-04 00:00:00,14.4,16.1,7,23.4,90,0.496,100,31,1,100,0.486,0.516,0.19
2024-04-04 01:00:00,14.4,16.0,355,24.5,90,0.495,100,44,100,100,0.485,0.516,0.18
2024-04-04 02:00:00,14.4,16.0,5,20.7,90,0.494,100,0,100,100,0.485,0.515,0.18
2024-04-04 03:00:00,14.4,16.0,353,23.1,91,0.493,100,20,100,100,0.484,0.515,0.17
2024-04-04 04:00:00,14.3,15.9,352,24.6,91,0.492,100,84,100,100,0.484,0.514,0.17
2024-04-04 05:00:00,14.4,15.6,355,25.9,93,0.495,100,87,100,100,0.483,0.514,0.13
2024-04-04 06:00:00,14.1,15.2,3,26.4,93,0.499,100,100,100,100,0.483,0.514,0.12
2024-04-04 07:00:00,14.1,15.1,5,22.3,93,0.502,100,100,100,100,0.483,0.514,0.11
2024-04-04 08:00:00,14.2,15.2,360,21.3,94,0.506,100,100,100,100,0.484,0.513,0.11
2024-04-04 09:00:00,14.1,15.2,344,18.4,93,0.512,100,100,100,100,0.511,0.517,0.11
2024-04-04 10:00:00,14.5,15.3,331,18.7,95,0.497,100,100,100,100,0.519,0.518,0.09
2024-04-04 11:00:00,14.8,15.3,327,26.9,97,0.498,100,100,100,100,0.519,0.52,0.05
2024-04-04 12:00:00,14.9,15.3,339,30.8,98,0.519,100,100,100,100,0.508,0.519,0.04
2024-04-04 13:00:00,15.0,15.6,338,25.5,97,0.51,100,99,100,73,0.519,0.519,0.06
2024-04-04 14:00:00,14.7,16.7,344,30.9,88,0.511,100,100,100,100,0.517,0.519,0.22
2024-04-04 15:00:00,14.5,16.4,347,32.1,89,0.508,100,0,100,100,0.515,0.518,0.21
2024-04-04 16:00:00,14.3,16.3,350,25.8,88,0.505,100,0,100,100,0.513,0.518,0.23
2024-04-04 17:00:00,13.9,15.8,342,26.0,88,0.504,100,0,100,100,0.51,0.518,0.21
2024-04-04 18:00:00,13.8,15.3,343,27.6,91,0.503,100,0,100,100,0.509,0.517,0.16
2024-04-04 19:00:00,13.6,15.1,344,28.6,91,0.502,100,0,100,99,0.507,0.517,0.16
2024-04-04 20:00:00,13.4,15.0,343,27.9,90,0.5,100,0,100,98,0.505,0.517,0.16
2024-04-04 21:00:00,12.9,14.2,347,26.1,92,0.508,100,1,100,58,0.511,0.516,0.13
2024-04-04 22:00:00,13.0,14.2,349,22.6,92,0.505,99,13,77,96,0.51,0.515,0.12
2024-04-04 23:00:00,13.0,13.9,345,20.1,94,0.503,100,0,91,100,0.509,0.515,0.09
2024-04-05 00:00:00,13.1,14.2,357,22.7,93,0.501,100,0,1,100,0.508,0.515,0.11
2024-04-05 01:00:00,13.1,14.2,5,23.2,93,0.5,100,17,13,100,0.507,0.515,0.11
2024-04-05 02:00:00,13.2,14.2,3,21.4,93,0.499,100,39,93,100,0.506,0.515,0.11
2024-04-05 03:00:00,13.1,14.2,3,23.5,93,0.497,100,99,65,100,0.505,0.515,0.11
2024-04-05 04:00:00,13.0,14.2,4,23.6,92,0.496,100,100,32,100,0.504,0.515,0.12
2024-04-05 05:00:00,13.0,14.2,8,20.4,92,0.495,100,100,100,100,0.503,0.515,0.13
2024-04-05 06:00:00,12.9,14.2,8,18.3,92,0.494,100,100,97,100,0.502,0.514,0.14
2024-04-05 07:00:00,12.8,14.3,4,15.7,91,0.494,100,98,100,100,0.501,0.514,0.15
2024-04-05 08:00:00,12.7,14.6,7,17.6,88,0.494,100,100,74,100,0.5,0.514,0.19
2024-04-05 09:00:00,13.3,14.4,344,11.9,93,0.505,100,100,100,100,0.512,0.515,0.11
2024-04-05 10:00:00,13.4,14.4,360,14.1,94,0.52,100,100,63,14,0.512,0.515,0.1
2024-04-05 11:00:00,13.6,15.9,11,16.7,86,0.503,100,100,83,82,0.516,0.515,0.24
2024-04-05 12:00:00,14.0,16.9,9,15.0,83,0.512,99,55,37,97,0.515,0.515,0.33
2024-04-05 13:00:00,14.0,18.8,24,10.8,73,0.511,100,0,100,100,0.515,0.515,0.58
2024-04-05 14:00:00,13.8,18.1,16,11.4,76,0.508,100,0,94,100,0.514,0.515,0.5
2024-04-05 15:00:00,13.8,18.1,7,15.6,76,0.505,100,0,100,100,0.513,0.514,0.49
2024-04-05 16:00:00,13.7,18.6,3,18.0,73,0.502,100,0,100,100,0.512,0.514,0.57
2024-04-05 17:00:00,13.5,18.1,352,18.4,75,0.5,100,0,100,100,0.511,0.514,0.52
2024-04-05 18:00:00,13.4,17.4,343,21.1,77,0.5,100,0,100,100,0.51,0.514,0.45
2024-04-05 19:00:00,13.4,16.5,348,21.6,82,0.505,100,0,100,98,0.509,0.514,0.33
2024-04-05 20:00:00,13.5,16.0,346,18.6,85,0.507,100,0,100,100,0.508,0.514,0.27
2024-04-05 21:00:00,13.4,14.2,336,22.3,95,0.502,100,0,100,100,0.51,0.516,0.08
2024-04-05 22:00:00,13.3,14.2,346,22.1,94,0.501,100,0,100,2,0.509,0.516,0.09
2024-04-05 23:00:00,13.2,13.8,344,21.7,96,0.5,35,4,7,31,0.507,0.516,0.06
2024-04-06 00:00:00,12.9,13.5,338,21.4,96,0.499,100,6,100,97,0.506,0.516,0.06
2024-04-06 01:00:00,12.9,13.6,338,20.2,95,0.497,100,7,99,100,0.505,0.515,0.07
2024-04-06 02:00:00,12.8,13.6,347,18.3,95,0.496,100,0,100,89,0.504,0.515,0.08
2024-04-06 03:00:00,12.8,13.5,346,18.8,96,0.495,100,99,100,63,0.502,0.515,0.07
2024-04-06 04:00:00,12.7,13.4,353,19.5,95,0.495,100,100,20,24,0.501,0.515,0.07
2024-04-06 05:00:00,12.5,13.1,358,18.0,96,0.494,100,100,74,20,0.5,0.515,0.06
2024-04-06 06:00:00,12.6,13.3,353,14.8,96,0.493,100,98,81,35,0.499,0.515,0.07
2024-04-06 07:00:00,12.5,13.6,341,19.0,93,0.492,100,94,98,100,0.498,0.514,0.1
2024-04-06 08:00:00,12.3,14.0,351,22.2,90,0.491,100,39,100,100,0.497,0.514,0.16
2024-04-06 09:00:00,12.5,13.6,339,18.9,93,0.517,100,77,100,100,0.493,0.515,0.11
2024-04-06 10:00:00,12.6,14.0,340,19.5,91,0.519,100,74,100,93,0.497,0.515,0.14
2024-04-06 11:00:00,13.1,14.7,348,16.2,90,0.518,100,63,100,30,0.506,0.515,0.17
2024-04-06 12:00:00,13.1,15.5,346,15.5,86,0.514,100,46,100,100,0.51,0.515,0.25
2024-04-06 13:00:00,12.9,15.5,342,17.8,85,0.511,100,0,100,99,0.51,0.514,0.27
2024-04-06 14:00:00,12.7,15.8,349,18.6,82,0.508,100,0,100,100,0.509,0.514,0.33
2024-04-06 15:00:00,12.6,15.7,351,17.8,82,0.505,100,0,100,100,0.508,0.514,0.32
2024-04-06 16:00:00,12.3,15.8,354,17.3,80,0.503,100,0,100,100,0.507,0.514,0.36
2024-04-06 17:00:00,12.1,15.8,357,18.0,79,0.501,100,0,100,81,0.506,0.514,0.38
2024-04-06 18:00:00,12.2,15.7,353,19.5,80,0.5,100,1,100,87,0.506,0.514,0.36
2024-04-06 19:00:00,12.2,15.4,354,18.4,81,0.498,100,98,83,12,0.505,0.514,0.32
2024-04-06 20:00:00,12.3,15.1,352,14.4,83,0.497,100,75,100,14,0.504,0.514,0.29
2024-04-06 21:00:00,12.1,13.9,341,16.9,89,0.502,100,0,100,100,0.491,0.514,0.18
2024-04-06 22:00:00,12.3,13.7,353,16.3,91,0.501,100,1,100,100,0.491,0.514,0.14
2024-04-06 23:00:00,12.5,13.7,341,12.8,93,0.499,100,0,100,100,0.49,0.514,0.11
2024-04-07 00:00:00,12.6,13.7,352,11.6,93,0.497,100,16,99,100,0.49,0.514,0.1
2024-04-07 01:00:00,12.7,13.4,328,11.0,96,0.496,100,0,100,100,0.49,0.513,0.07
2024-04-07 02:00:00,12.7,13.3,320,12.1,96,0.494,100,20,100,100,0.489,0.513,0.06
2024-04-07 03:00:00,12.7,13.5,338,13.6,95,0.493,100,23,100,100,0.489,0.513,0.07
2024-04-07 04:00:00,12.7,13.5,343,14.1,95,0.492,100,71,97,100,0.488,0.513,0.08
2024-04-07 05:00:00,12.8,13.5,3,13.7,95,0.491,100,86,33,100,0.488,0.513,0.07
2024-04-07 06:00:00,12.8,13.3,360,15.5,96,0.498,100,18,50,100,0.487,0.512,0.05
2024-04-07 07:00:00,12.9,13.6,354,16.2,96,0.496,100,1,9,100,0.487,0.512,0.07
2024-04-07 08:00:00,13.1,14.5,357,16.2,91,0.495,100,0,89,100,0.487,0.512,0.14
2024-04-07 09:00:00,13.2,14.7,339,14.0,91,0.491,100,30,100,100,0.486,0.512,0.15
2024-04-07 10:00:00,13.4,15.1,355,15.5,89,0.49,100,0,100,99,0.486,0.512,0.18
2024-04-07 11:00:00,13.5,16.5,355,15.9,82,0.489,100,0,100,100,0.485,0.511,0.33
2024-04-07 12:00:00,13.5,17.6,360,11.5,77,0.488,100,0,0,100,0.484,0.511,0.47
2024-04-07 13:00:00,13.9,18.7,355,10.1,74,0.487,100,0,14,100,0.484,0.511,0.57
2024-04-07 14:00:00,13.7,19.3,353,10.9,70,0.486,100,0,10,100,0.483,0.511,0.66
2024-04-07 15:00:00,13.7,19.3,353,10.9,70,0.484,100,0,7,100,0.482,0.51,0.66
2024-04-07 16:00:00,13.7,19.3,360,13.0,70,0.483,100,0,62,100,0.482,0.51,0.67
2024-04-07 17:00:00,13.6,18.8,6,14.9,72,0.482,100,0,97,100,0.481,0.51,0.62
2024-04-07 18:00:00,13.8,18.1,353,15.8,76,0.481,100,0,100,100,0.481,0.51,0.5
2024-04-07 19:00:00,13.8,17.5,328,15.8,79,0.481,100,4,99,100,0.48,0.51,0.43
2024-04-07 20:00:00,13.8,17.3,327,19.3,80,0.48,100,1,100,91,0.48,0.51,0.4
2024-04-07 21:00:00,13.5,16.1,330,16.6,85,0.487,100,1,100,89,0.476,0.514,0.28
2024-04-07 22:00:00,13.2,16.0,331,20.3,83,0.486,100,52,100,13,0.475,0.513,0.31
2024-04-07 23:00:00,13.0,16.0,326,17.7,83,0.485,100,2,100,100,0.475,0.513,0.31
2024-04-08 00:00:00,13.1,15.7,324,16.9,84,0.484,100,3,100,95,0.475,0.513,0.28
2024-04-08 01:00:00,13.2,15.6,331,16.6,86,0.483,100,22,100,3,0.475,0.513,0.25
2024-04-08 02:00:00,13.4,15.2,336,15.6,89,0.482,75,6,74,2,0.474,0.512,0.2
2024-04-08 03:00:00,13.5,14.8,330,17.1,92,0.481,69,19,59,5,0.474,0.512,0.14
2024-04-08 04:00:00,13.4,14.3,337,20.0,94,0.482,71,41,52,0,0.474,0.512,0.09
2024-04-08 05:00:00,13.4,14.5,338,21.7,93,0.482,90,0,90,1,0.474,0.512,0.11
2024-04-08 06:00:00,13.5,14.4,341,18.3,94,0.481,93,0,93,0,0.473,0.511,0.1
2024-04-08 07:00:00,13.8,15.0,338,17.7,93,0.48,100,0,100,0,0.473,0.511,0.13
2024-04-08 08:00:00,14.1,15.9,335,15.0,89,0.479,87,0,87,1,0.473,0.511,0.19
2024-04-08 09:00:00,13.8,17.4,334,16.7,80,0.483,66,0,16,60,0.472,0.51,0.4
2024-04-08 10:00:00,13.6,18.5,343,17.4,73,0.482,94,3,0,94,0.471,0.51,0.58
2024-04-08 11:00:00,13.2,19.6,347,20.0,66,0.481,99,5,4,99,0.471,0.51,0.77
2024-04-08 12:00:00,13.1,20.1,342,19.4,64,0.479,100,1,8,100,0.47,0.509,0.85
2024-04-08 13:00:00,12.9,20.9,345,21.1,60,0.477,100,0,0,100,0.469,0.509,0.99
2024-04-08 14:00:00,13.1,21.6,349,21.6,59,0.474,100,10,0,100,0.469,0.509,1.07
2024-04-08 15:00:00,13.0,21.6,353,22.1,58,0.472,100,0,0,100,0.468,0.509,1.09
2024-04-08 16:00:00,12.8,21.2,354,22.4,59,0.47,100,0,0,100,0.467,0.508,1.03
2024-04-08 17:00:00,12.9,20.7,356,20.2,61,0.469,100,0,2,100,0.467,0.508,0.95
2024-04-08 18:00:00,13.6,20.0,2,16.6,66,0.468,100,0,0,100,0.466,0.508,0.79
2024-04-08 19:00:00,13.7,18.6,351,16.2,73,0.468,100,0,8,100,0.466,0.508,0.57
2024-04-08 20:00:00,13.8,17.7,11,18.2,78,0.468,48,0,1,47,0.466,0.507,0.45
2024-04-08 21:00:00,13.2,17.4,20,22.1,77,0.46,14,0,7,14,0.462,0.507,0.46
2024-04-08 22:00:00,13.0,16.8,14,21.7,78,0.46,16,0,14,16,0.462,0.506,0.42
2024-04-08 23:00:00,13.2,16.0,23,18.5,83,0.459,12,3,8,5,0.462,0.506,0.3
2024-04-09 00:00:00,13.4,15.7,23,18.2,86,0.459,100,0,4,100,0.461,0.506,0.25
2024-04-09 01:00:00,13.5,15.7,28,15.5,87,0.459,83,0,2,83,0.461,0.506,0.24
2024-04-09 02:00:00,13.5,15.7,34,15.6,87,0.459,91,1,0,91,0.461,0.506,0.23
2024-04-09 03:00:00,13.3,14.6,37,13.0,92,0.459,7,0,1,6,0.461,0.506,0.13
2024-04-09 04:00:00,13.1,14.2,23,11.6,93,0.459,9,0,1,9,0.461,0.505,0.12
2024-04-09 05:00:00,13.0,13.9,18,14.6,94,0.459,24,1,7,18,0.461,0.505,0.1
2024-04-09 06:00:00,12.8,13.6,21,15.5,95,0.459,19,0,8,12,0.461,0.505,0.08
2024-04-09 07:00:00,13.0,14.2,22,16.4,92,0.458,7,0,6,2,0.461,0.505,0.12
2024-04-09 08:00:00,14.1,16.1,23,16.3,88,0.458,20,0,1,19,0.46,0.505,0.23
2024-04-09 09:00:00,14.7,18.1,38,8.9,81,0.457,97,0,21,97,0.46,0.502,0.4
2024-04-09 10:00:00,15.1,19.6,58,5.6,75,0.455,95,0,10,95,0.459,0.501,0.56
2024-04-09 11:00:00,14.8,20.5,52,4.9,70,0.455,96,0,88,96,0.459,0.501,0.73
2024-04-09 12:00:00,14.9,20.6,48,5.6,70,0.455,100,0,100,100,0.458,0.501,0.72
2024-04-09 13:00:00,14.7,20.2,43,7.9,71,0.455,100,0,98,100,0.458,0.501,0.69
2024-04-09 14:00:00,14.7,20.8,41,8.2,68,0.454,98,0,87,98,0.458,0.501,0.78
2024-04-09 15:00:00,14.3,21.4,43,10.4,64,0.453,100,0,100,99,0.457,0.5,0.91
2024-04-09 16:00:00,14.4,21.3,56,12.2,65,0.452,100,0,100,98,0.457,0.5,0.89
2024-04-09 17:00:00,14.5,21.2,67,11.4,66,0.451,100,0,100,93,0.456,0.5,0.86
2024-04-09 18:00:00,15.2,20.6,45,10.2,71,0.451,100,0,100,86,0.456,0.5,0.7
2024-04-09 19:00:00,15.3,19.3,25,13.1,78,0.451,94,0,94,18,0.456,0.5,0.5
2024-04-09 20:00:00,15.3,18.8,38,14.8,80,0.451,96,0,96,74,0.456,0.499,0.44
2024-04-09 21:00:00,15.0,17.9,51,15.8,83,0.444,63,0,59,56,0.453,0.501,0.35
2024-04-09 22:00:00,14.9,17.0,79,16.9,87,0.444,10,0,3,8,0.453,0.501,0.24
2024-04-09 23:00:00,14.5,16.0,107,13.7,91,0.444,6,0,0,6,0.453,0.5,0.17
2024-04-10 00:00:00,13.9,15.2,135,10.4,92,0.444,7,0,5,2,0.453,0.5,0.14
2024-04-10 01:00:00,13.8,15.2,133,10.2,91,0.444,6,0,0,6,0.453,0.5,0.15
2024-04-10 02:00:00,13.3,14.2,101,11.0,94,0.444,0,0,0,0,0.452,0.5,0.09
2024-04-10 03:00:00,13.3,14.2,86,11.8,94,0.444,0,0,0,0,0.452,0.5,0.09
2024-04-10 04:00:00,13.0,13.8,82,11.8,95,0.444,0,0,0,0,0.452,0.5,0.08
2024-04-10 05:00:00,12.9,13.5,86,12.4,96,0.444,2,0,2,0,0.452,0.499,0.06
2024-04-10 06:00:00,12.9,13.6,90,16.5,96,0.444,22,11,12,0,0.452,0.499,0.07
2024-04-10 07:00:00,13.4,14.6,108,14.8,93,0.444,96,56,91,0,0.452,0.499,0.12
2024-04-10 08:00:00,14.4,16.5,124,11.5,87,0.444,100,32,100,0,0.452,0.499,0.24
2024-04-10 09:00:00,15.8,18.0,165,8.0,87,0.442,100,100,61,0,0.451,0.501,0.27
2024-04-10 10:00:00,15.8,19.9,157,13.0,77,0.442,100,100,83,0,0.45,0.501,0.52
2024-04-10 11:00:00,15.8,20.4,174,12.7,75,0.445,100,99,93,0,0.45,0.501,0.59
2024-04-10 12:00:00,15.6,19.7,140,7.9,77,0.46,100,100,67,1,0.45,0.501,0.52
2024-04-10 13:00:00,15.6,21.2,143,6.9,71,0.459,100,100,98,3,0.45,0.501,0.74
2024-04-10 14:00:00,15.6,22.2,175,10.8,66,0.457,100,100,100,100,0.449,0.5,0.9
2024-04-10 15:00:00,15.7,22.3,180,7.2,66,0.456,100,100,91,82,0.449,0.5,0.91
2024-04-10 16:00:00,15.9,22.0,157,4.1,69,0.455,100,96,100,13,0.449,0.5,0.83
2024-04-10 17:00:00,15.9,22.3,101,2.5,67,0.454,100,95,100,21,0.449,0.5,0.88
2024-04-10 18:00:00,17.1,21.7,45,5.5,75,0.453,100,69,100,22,0.449,0.499,0.65
2024-04-10 19:00:00,17.2,20.5,55,10.4,81,0.453,100,52,100,100,0.449,0.499,0.46
2024-04-10 20:00:00,17.0,20.0,65,9.8,83,0.453,100,77,100,41,0.449,0.499,0.4
2024-04-10 21:00:00,17.3,18.7,30,8.7,92,0.446,100,94,100,3,0.452,0.5,0.18
2024-04-10 22:00:00,16.8,18.4,48,9.5,90,0.447,100,76,100,42,0.452,0.5,0.2
2024-04-10 23:00:00,16.7,18.2,58,8.6,91,0.447,100,11,100,100,0.452,0.5,0.19
2024-04-11 00:00:00,16.9,18.1,58,8.2,92,0.448,100,1,100,0,0.452,0.499,0.16
2024-04-11 01:00:00,16.5,18.0,52,9.4,91,0.448,92,2,92,6,0.452,0.499,0.19
2024-04-11 02:00:00,16.2,17.4,61,10.5,93,0.448,32,13,22,0,0.452,0.499,0.14
2024-04-11 03:00:00,15.9,17.2,14,5.9,92,0.448,59,31,32,13,0.452,0.499,0.16
2024-04-11 04:00:00,15.9,16.6,4,7.3,96,0.448,94,67,77,16,0.452,0.499,0.08
2024-04-11 05:00:00,16.1,16.9,9,9.4,95,0.448,100,100,9,32,0.452,0.499,0.1
2024-04-11 06:00:00,15.3,15.7,32,9.8,97,0.448,98,98,14,18,0.452,0.498,0.05
2024-04-11 07:00:00,16.1,16.8,25,11.0,96,0.448,100,100,100,91,0.452,0.498,0.08
2024-04-11 08:00:00,16.9,18.0,25,13.7,93,0.448,100,100,96,100,0.452,0.498,0.14
2024-04-11 09:00:00,16.7,17.9,51,7.9,93,0.451,100,96,86,100,0.452,0.498,0.15
2024-04-11 10:00:00,17.0,19.0,66,5.2,88,0.451,100,100,60,100,0.452,0.498,0.26
2024-04-11 11:00:00,17.0,19.9,360,1.6,83,0.451,100,97,91,99,0.452,0.498,0.39
2024-04-11 12:00:00,17.5,21.1,270,0.5,80,0.45,100,100,100,100,0.452,0.498,0.5
2024-04-11 13:00:00,17.3,21.8,96,4.7,76,0.45,100,100,91,100,0.451,0.497,0.64
2024-04-11 14:00:00,17.7,22.2,135,6.9,75,0.449,100,100,4,100,0.451,0.497,0.66
2024-04-11 15:00:00,17.8,22.7,188,2.9,74,0.448,100,100,77,100,0.451,0.497,0.72
2024-04-11 16:00:00,17.9,22.1,315,5.1,77,0.449,100,100,59,100,0.451,0.497,0.61
2024-04-11 17:00:00,18.3,21.4,3,8.0,83,0.45,100,100,100,63,0.451,0.497,0.45
2024-04-11 18:00:00,18.4,21.1,6,9.5,84,0.45,99,98,30,8,0.451,0.496,0.39
2024-04-11 19:00:00,18.4,19.9,17,14.3,91,0.449,91,65,1,74,0.451,0.496,0.2
2024-04-11 20:00:00,18.3,19.4,36,13.5,93,0.449,70,59,27,2,0.451,0.496,0.16
2024-04-11 21:00:00,17.0,18.4,10,17.9,92,0.463,50,25,21,26,0.462,0.498,0.18
2024-04-11 22:00:00,17.0,17.9,36,11.8,94,0.463,91,33,55,78,0.462,0.498,0.12
2024-04-11 23:00:00,16.8,17.5,355,12.6,96,0.464,100,49,100,100,0.462,0.498,0.08
2024-04-12 00:00:00,17.0,17.9,326,7.7,94,0.464,100,46,100,100,0.462,0.498,0.11
2024-04-12 01:00:00,17.1,17.9,329,9.3,95,0.463,100,100,100,100,0.462,0.497,0.1
2024-04-12 02:00:00,17.1,17.8,330,11.4,95,0.463,78,52,2,53,0.462,0.497,0.09
2024-04-12 03:00:00,16.5,16.8,351,11.3,98,0.463,74,59,10,29,0.462,0.497,0.04
2024-04-12 04:00:00,16.0,16.2,360,10.4,99,0.463,78,70,21,11,0.462,0.497,0.02
2024-04-12 05:00:00,16.3,16.5,7,13.8,98,0.463,89,59,24,67,0.462,0.497,0.03
2024-04-12 06:00:00,16.3,16.4,25,10.9,100,0.463,100,85,17,100,0.462,0.497,0.01
2024-04-12 07:00:00,16.4,16.5,19,10.4,99,0.462,100,100,7,100,0.462,0.497,0.01
2024-04-12 08:00:00,16.6,16.9,33,8.4,98,0.462,100,99,30,100,0.462,0.496,0.04
2024-04-12 09:00:00,17.1,18.9,36,3.6,89,0.472,100,5,100,76,0.463,0.496,0.24
2024-04-12 10:00:00,17.2,19.6,27,4.8,86,0.471,99,1,99,23,0.463,0.496,0.32
2024-04-12 11:00:00,17.7,21.5,347,5.5,79,0.47,72,0,63,26,0.463,0.496,0.53
2024-04-12 12:00:00,17.6,24.2,302,5.7,67,0.468,64,0,0,64,0.462,0.496,1.0
2024-04-12 13:00:00,17.9,24.6,298,6.1,66,0.465,100,0,0,100,0.461,0.495,1.05
2024-04-12 14:00:00,17.9,24.8,304,4.4,66,0.463,100,0,0,100,0.461,0.495,1.07
2024-04-12 15:00:00,17.9,25.1,299,5.0,64,0.461,50,0,0,50,0.46,0.495,1.13
2024-04-12 16:00:00,17.8,25.4,283,4.0,63,0.459,8,4,0,4,0.46,0.495,1.21
2024-04-12 17:00:00,17.8,25.4,256,3.7,63,0.458,16,16,0,1,0.459,0.494,1.21
2024-04-12 18:00:00,19.8,24.4,248,3.4,76,0.457,40,37,0,4,0.459,0.494,0.75
2024-04-12 19:00:00,18.3,22.5,210,4.8,77,0.457,85,85,0,3,0.459,0.494,0.61
2024-04-12 20:00:00,18.2,21.4,225,7.0,82,0.457,99,99,1,1,0.459,0.494,0.46
2024-04-12 21:00:00,17.3,22.2,110,5.4,74,0.456,38,32,9,0,0.457,0.493,0.69
2024-04-12 22:00:00,17.7,19.8,108,10.2,87,0.456,28,27,1,0,0.457,0.493,0.29
2024-04-12 23:00:00,17.8,19.5,121,11.2,90,0.456,21,12,7,3,0.457,0.493,0.23
2024-04-13 00:00:00,17.8,19.4,108,14.8,90,0.456,9,6,3,1,0.457,0.493,0.22
2024-04-13 01:00:00,17.6,18.9,104,14.3,92,0.456,18,5,2,12,0.457,0.493,0.18
2024-04-13 02:00:00,17.6,18.9,117,15.4,92,0.456,37,8,8,31,0.457,0.492,0.17
2024-04-13 03:00:00,17.9,19.2,124,19.6,92,0.456,100,96,14,100,0.457,0.492,0.17
2024-04-13 04:00:00,18.4,19.9,122,23.1,91,0.456,52,39,1,22,0.457,0.492,0.21
2024-04-13 05:00:00,18.4,19.7,112,18.7,92,0.456,95,81,33,65,0.457,0.492,0.18
2024-04-13 06:00:00,18.4,19.9,98,21.4,91,0.457,92,88,22,13,0.457,0.492,0.21
2024-04-13 07:00:00,19.0,20.3,100,18.7,92,0.52,100,98,60,100,0.46,0.492,0.18
2024-04-13 08:00:00,19.6,20.9,137,32.1,92,0.508,96,92,55,24,0.474,0.492,0.19
2024-04-13 09:00:00,20.5,22.0,127,24.7,91,0.465,63,60,11,2,0.458,0.493,0.23
2024-04-13 10:00:00,21.2,24.2,118,17.6,83,0.464,66,41,34,18,0.458,0.492,0.5
2024-04-13 11:00:00,21.7,24.8,110,17.6,83,0.48,88,12,79,71,0.458,0.492,0.53
2024-04-13 12:00:00,21.9,25.9,129,19.5,79,0.481,99,20,21,98,0.458,0.492,0.7
2024-04-13 13:00:00,22.7,27.9,162,20.6,73,0.479,100,48,96,100,0.458,0.492,1.01
2024-04-13 14:00:00,22.0,26.4,233,18.6,77,0.513,100,98,42,71,0.459,0.492,0.81
2024-04-13 15:00:00,21.8,24.7,15,4.1,84,0.512,98,68,54,89,0.47,0.491,0.51
2024-04-13 16:00:00,22.4,25.2,88,14.8,84,0.509,95,43,40,88,0.474,0.491,0.5
2024-04-13 17:00:00,22.3,24.6,90,11.5,87,0.505,97,94,33,42,0.476,0.491,0.39
2024-04-13 18:00:00,22.5,24.2,125,10.2,90,0.502,97,95,17,26,0.477,0.491,0.29
2024-04-13 19:00:00,22.2,23.2,135,20.4,94,0.499,100,99,11,87,0.478,0.491,0.17
2024-04-13 20:00:00,21.3,22.2,129,25.7,94,0.497,100,100,21,22,0.479,0.491,0.15
2024-04-13 21:00:00,21.3,22.0,99,17.0,96,0.499,88,77,32,28,0.479,0.49,0.12
2024-04-13 22:00:00,21.1,22.0,146,22.1,95,0.496,59,43,16,15,0.479,0.49,0.14
2024-04-13 23:00:00,20.7,21.7,144,21.4,94,0.496,84,71,37,18,0.48,0.49,0.15
2024-04-14 00:00:00,20.3,20.9,97,12.2,97,0.498,80,0,34,71,0.48,0.49,0.08
2024-04-14 01:00:00,20.1,20.9,106,17.9,95,0.495,22,2,1,21,0.481,0.49,0.13
2024-04-14 02:00:00,19.9,20.7,106,19.5,95,0.494,14,0,2,13,0.481,0.489,0.12
2024-04-14 03:00:00,19.8,20.4,99,11.2,97,0.492,32,2,18,25,0.482,0.489,0.08
2024-04-14 04:00:00,19.9,20.4,148,12.6,97,0.491,22,0,15,16,0.482,0.489,0.08
2024-04-14 05:00:00,20.0,20.6,144,17.7,96,0.49,60,15,53,0,0.482,0.489,0.09
2024-04-14 06:00:00,19.9,20.2,191,13.8,98,0.51,100,100,87,15,0.489,0.489,0.05
2024-04-14 07:00:00,19.9,20.3,167,9.4,98,0.516,100,100,95,100,0.493,0.489,0.05
2024-04-14 08:00:00,20.3,20.7,149,14.3,98,0.509,100,100,81,97,0.495,0.489,0.06
2024-04-14 09:00:00,19.8,22.5,178,14.1,85,0.5,94,57,4,86,0.488,0.489,0.41
2024-04-14 10:00:00,20.4,23.8,279,5.8,81,0.498,100,37,36,100,0.488,0.489,0.55
2024-04-14 11:00:00,20.4,23.8,326,1.3,82,0.496,100,54,5,100,0.488,0.489,0.54
2024-04-14 12:00:00,21.2,24.7,166,5.6,81,0.493,100,17,4,100,0.488,0.488,0.59
2024-04-14 13:00:00,21.7,26.3,207,6.4,76,0.491,67,5,33,50,0.488,0.488,0.83
2024-04-14 14:00:00,22.3,27.8,209,10.8,72,0.488,44,2,26,25,0.487,0.488,1.05
2024-04-14 15:00:00,22.2,28.3,232,7.8,70,0.486,55,15,25,29,0.487,0.488,1.17
2024-04-14 16:00:00,22.2,28.3,252,4.0,70,0.484,57,25,26,23,0.486,0.487,1.17
2024-04-14 17:00:00,22.2,28.3,153,2.6,70,0.483,45,31,19,0,0.486,0.487,1.16
2024-04-14 18:00:00,23.2,27.4,167,7.8,78,0.482,55,52,3,3,0.485,0.487,0.8
2024-04-14 19:00:00,23.2,25.2,153,15.8,89,0.482,42,35,2,8,0.485,0.487,0.36
2024-04-14 20:00:00,22.9,24.1,140,15.5,93,0.481,22,18,0,5,0.485,0.487,0.22
2024-04-14 21:00:00,22.3,23.5,106,16.1,93,0.482,92,92,0,1,0.489,0.493,0.19
2024-04-14 22:00:00,22.2,23.1,82,16.6,95,0.481,11,8,0,4,0.489,0.493,0.14
2024-04-14 23:00:00,22.0,22.8,93,18.0,95,0.481,70,65,0,15,0.489,0.493,0.13
2024-04-15 00:00:00,21.9,22.8,90,18.4,95,0.481,22,18,0,4,0.489,0.493,0.15
2024-04-15 01:00:00,21.6,22.3,87,16.5,96,0.481,30,12,0,20,0.489,0.493,0.11
2024-04-15 02:00:00,21.3,21.9,106,16.0,96,0.48,72,65,0,19,0.489,0.493,0.09
2024-04-15 03:00:00,21.3,22.0,121,17.8,96,0.48,2,0,0,2,0.488,0.492,0.12
2024-04-15 04:00:00,21.2,22.1,135,20.2,95,0.48,1,0,0,1,0.488,0.492,0.13
2024-04-15 05:00:00,21.0,21.8,131,18.4,96,0.48,4,0,0,4,0.488,0.492,0.12
2024-04-15 06:00:00,20.9,21.6,118,17.7,96,0.48,36,23,5,16,0.488,0.492,0.11
2024-04-15 07:00:00,21.3,22.4,135,19.6,93,0.479,43,31,0,17,0.488,0.492,0.18
2024-04-15 08:00:00,22.3,24.1,141,22.0,90,0.479,100,100,0,5,0.487,0.492,0.3
2024-04-15 09:00:00,22.9,25.1,159,8.7,87,0.48,100,100,0,24,0.489,0.491,0.4
2024-04-15 10:00:00,23.2,27.0,182,13.0,80,0.478,100,100,0,44,0.488,0.491,0.71
2024-04-15 11:00:00,23.3,28.2,203,12.9,75,0.478,90,85,13,27,0.487,0.491,0.97
2024-04-15 12:00:00,23.4,29.3,204,13.2,70,0.477,100,100,7,21,0.486,0.49,1.21
2024-04-15 13:00:00,23.4,29.5,202,14.7,70,0.475,100,100,6,20,0.485,0.49,1.25
2024-04-15 14:00:00,23.4,30.3,200,14.9,67,0.473,100,100,8,19,0.484,0.49,1.43
2024-04-15 15:00:00,23.4,30.5,193,14.4,66,0.471,100,100,7,8,0.483,0.49,1.5
2024-04-15 16:00:00,23.2,30.9,182,14.8,64,0.469,94,94,6,9,0.482,0.489,1.61
2024-04-15 17:00:00,23.7,30.4,173,18.1,67,0.468,69,65,11,4,0.482,0.489,1.42
2024-04-15 18:00:00,24.3,29.1,165,16.9,75,0.467,29,19,11,2,0.481,0.489,1.0
2024-04-15 19:00:00,23.5,27.6,165,24.3,78,0.467,31,17,10,12,0.481,0.489,0.8
2024-04-15 20:00:00,23.4,25.9,152,13.4,86,0.467,95,91,44,14,0.481,0.489,0.45
2024-04-15 21:00:00,22.8,26.8,161,22.9,79,0.459,90,89,8,2,0.474,0.493,0.74
2024-04-15 22:00:00,21.9,25.1,222,15.6,83,0.459,19,2,17,7,0.474,0.493,0.55
2024-04-15 23:00:00,20.5,20.8,58,20.6,98,0.516,93,29,41,85,0.497,0.493,0.05
2024-04-16 00:00:00,20.7,22.0,151,39.8,92,0.501,97,97,4,9,0.503,0.493,0.2
2024-04-16 01:00:00,20.9,22.1,139,19.0,93,0.5,99,98,13,13,0.503,0.493,0.2
2024-04-16 02:00:00,20.9,22.0,140,15.0,93,0.499,100,99,39,2,0.503,0.493,0.17
2024-04-16 03:00:00,20.9,21.9,139,13.7,94,0.513,100,100,100,0,0.503,0.493,0.15
2024-04-16 04:00:00,21.0,21.7,360,4.4,96,0.518,100,100,47,0,0.505,0.493,0.12
2024-04-16 05:00:00,20.9,21.3,67,10.5,97,0.516,100,100,0,11,0.508,0.493,0.07
2024-04-16 06:00:00,20.7,21.2,173,14.5,97,0.516,100,100,1,30,0.51,0.494,0.08
2024-04-16 07:00:00,20.8,21.6,137,11.3,95,0.514,100,100,0,1,0.511,0.494,0.12
2024-04-16 08:00:00,20.9,21.7,201,12.0,95,0.513,100,100,4,5,0.511,0.494,0.12
2024-04-16 09:00:00,21.1,22.7,128,19.9,91,0.504,100,100,1,0,0.508,0.499,0.26
2024-04-16 10:00:00,21.8,24.4,86,13.0,86,0.502,100,100,6,0,0.507,0.499,0.44
2024-04-16 11:00:00,22.3,25.8,146,12.6,81,0.51,100,100,88,9,0.507,0.499,0.62
2024-04-16 12:00:00,21.9,25.8,167,7.8,79,0.513,100,100,24,41,0.509,0.499,0.68
2024-04-16 13:00:00,21.7,25.3,137,25.7,80,0.509,99,98,35,17,0.509,0.499,0.63
2024-04-16 14:00:00,22.4,25.8,121,17.5,82,0.506,100,100,100,100,0.518,0.502,0.6
2024-04-16 15:00:00,21.6,23.5,148,18.5,89,0.517,100,100,64,100,0.52,0.504,0.31
2024-04-16 16:00:00,21.8,23.7,160,28.0,89,0.511,100,100,98,18,0.517,0.507,0.32
2024-04-16 17:00:00,21.9,23.1,18,4.4,93,0.497,100,100,31,9,0.519,0.509,0.2
2024-04-16 18:00:00,22.1,23.1,111,7.2,94,0.507,100,100,2,2,0.517,0.51,0.17
2024-04-16 19:00:00,21.8,22.6,84,15.1,95,0.504,100,100,1,5,0.515,0.51,0.13
2024-04-16 20:00:00,21.5,22.1,76,11.5,96,0.502,100,100,8,10,0.514,0.511,0.1
2024-04-16 21:00:00,20.0,20.6,193,10.6,96,0.504,100,100,20,0,0.489,0.517,0.09
2024-04-16 22:00:00,20.1,20.6,360,2.1,97,0.501,100,100,0,0,0.488,0.517,0.08
2024-04-16 23:00:00,20.0,20.3,360,4.8,98,0.499,100,100,34,3,0.488,0.517,0.05
2024-04-17 00:00:00,19.7,20.0,5,6.1,98,0.497,100,100,26,1,0.487,0.516,0.04
2024-04-17 01:00:00,19.7,20.0,96,8.4,98,0.519,100,100,71,78,0.487,0.516,0.04
2024-04-17 02:00:00,19.7,20.1,49,8.3,98,0.514,100,100,71,18,0.509,0.516,0.05
2024-04-17 03:00:00,19.6,20.0,4,7.2,98,0.504,100,100,90,100,0.514,0.516,0.05
2024-04-17 04:00:00,19.5,19.9,50,10.9,98,0.515,100,100,58,53,0.519,0.519,0.05
2024-04-17 05:00:00,19.5,19.8,82,10.4,98,0.519,100,89,86,100,0.516,0.519,0.05
2024-04-17 06:00:00,19.6,19.9,75,9.5,98,0.519,100,100,81,100,0.506,0.52,0.05
2024-04-17 07:00:00,19.5,20.0,112,11.2,97,0.508,100,100,31,3,0.49,0.519,0.08
2024-04-17 08:00:00,19.7,20.8,128,9.2,94,0.504,100,100,39,45,0.489,0.518,0.15
2024-04-17 09:00:00,19.6,22.3,297,9.3,84,0.501,100,0,38,100,0.48,0.518,0.42
2024-04-17 10:00:00,19.4,23.2,300,13.6,79,0.499,100,0,100,57,0.48,0.518,0.6
2024-04-17 11:00:00,19.2,23.3,312,17.8,78,0.496,100,4,100,49,0.479,0.517,0.63
2024-04-17 12:00:00,19.4,23.7,325,22.3,77,0.494,100,0,100,100,0.478,0.517,0.67
2024-04-17 13:00:00,19.5,24.1,328,21.7,76,0.491,89,0,3,89,0.478,0.516,0.74
2024-04-17 14:00:00,19.3,24.9,320,22.3,71,0.488,54,0,2,54,0.477,0.516,0.91
2024-04-17 15:00:00,19.2,24.1,328,24.3,74,0.485,100,0,0,100,0.476,0.515,0.78
2024-04-17 16:00:00,18.6,23.4,342,27.7,74,0.483,100,0,0,100,0.475,0.515,0.73
2024-04-17 17:00:00,17.8,22.5,348,28.3,75,0.481,65,0,0,65,0.474,0.514,0.68
2024-04-17 18:00:00,17.6,22.0,353,25.7,76,0.48,100,0,0,100,0.473,0.514,0.62
2024-04-17 19:00:00,17.3,21.5,355,20.2,77,0.479,100,0,0,100,0.473,0.514,0.59
2024-04-17 20:00:00,17.5,20.9,343,12.3,81,0.478,93,0,4,92,0.473,0.513,0.47
2024-04-17 21:00:00,17.3,19.0,321,12.9,90,0.487,38,7,37,1,0.477,0.512,0.22
2024-04-17 22:00:00,17.3,18.6,333,12.1,92,0.487,29,2,26,4,0.477,0.512,0.16
2024-04-17 23:00:00,17.3,18.3,336,16.9,94,0.486,10,0,3,8,0.477,0.512,0.13
2024-04-18 00:00:00,17.3,18.0,349,17.9,95,0.485,7,0,0,7,0.477,0.511,0.1
2024-04-18 01:00:00,17.2,17.9,358,20.5,96,0.484,0,0,0,0,0.476,0.511,0.09
2024-04-18 02:00:00,17.0,17.7,8,19.4,96,0.483,17,13,0,4,0.476,0.511,0.09
2024-04-18 03:00:00,16.7,17.2,352,14.2,97,0.483,100,100,0,54,0.476,0.51,0.07
2024-04-18 04:00:00,17.0,17.7,347,14.4,95,0.482,100,100,0,99,0.476,0.51,0.09
2024-04-18 05:00:00,17.1,17.8,348,13.0,95,0.481,100,100,0,100,0.476,0.51,0.09
2024-04-18 06:00:00,17.1,18.1,12,15.6,94,0.481,100,100,0,92,0.475,0.509,0.12
2024-04-18 07:00:00,17.4,18.8,15,12.1,92,0.48,100,100,0,100,0.475,0.509,0.18
2024-04-18 08:00:00,17.9,19.8,29,6.4,89,0.479,100,100,0,100,0.475,0.509,0.26
2024-04-18 09:00:00,17.9,20.1,20,7.6,87,0.481,100,100,0,100,0.474,0.509,0.3
2024-04-18 10:00:00,18.8,21.5,93,8.3,84,0.48,100,100,0,84,0.474,0.508,0.4
2024-04-18 11:00:00,19.1,23.7,100,15.3,76,0.478,100,100,0,73,0.473,0.508,0.71
2024-04-18 12:00:00,19.5,25.2,127,12.1,71,0.476,100,100,3,82,0.472,0.507,0.93
2024-04-18 13:00:00,19.4,25.6,111,8.1,69,0.474,100,100,1,44,0.472,0.507,1.02
2024-04-18 14:00:00,19.2,27.0,108,15.5,62,0.472,100,100,10,100,0.471,0.506,1.34
2024-04-18 15:00:00,19.0,26.9,97,16.3,62,0.47,100,100,5,100,0.47,0.506,1.34
2024-04-18 16:00:00,19.4,26.7,104,17.5,64,0.469,100,100,66,100,0.47,0.506,1.25
2024-04-18 17:00:00,19.7,25.8,112,16.5,69,0.468,100,100,20,46,0.469,0.505,1.02
2024-04-18 18:00:00,20.1,24.4,111,14.5,77,0.469,100,100,25,60,0.469,0.505,0.7
2024-04-18 19:00:00,18.8,23.2,83,18.7,76,0.469,100,100,6,8,0.469,0.504,0.68
2024-04-18 20:00:00,18.2,22.4,81,22.0,77,0.47,100,100,100,100,0.469,0.504,0.63
2024-04-18 21:00:00,19.4,21.0,98,17.0,91,0.508,100,100,100,5,0.477,0.504,0.23
2024-04-18 22:00:00,19.3,20.7,116,21.1,91,0.512,100,100,99,2,0.48,0.503,0.21
2024-04-18 23:00:00,19.2,20.5,121,20.0,92,0.515,100,99,100,1,0.483,0.503,0.19
2024-04-19 00:00:00,19.1,20.3,126,19.7,93,0.512,99,97,51,7,0.486,0.503,0.17
2024-04-19 01:00:00,18.9,19.9,133,20.4,94,0.506,84,22,19,78,0.488,0.502,0.15
2024-04-19 02:00:00,18.9,19.9,134,21.4,94,0.502,100,0,100,100,0.489,0.502,0.14
2024-04-19 03:00:00,19.0,20.1,133,22.9,93,0.5,100,0,83,100,0.489,0.502,0.16
2024-04-19 04:00:00,19.0,20.2,137,22.5,93,0.498,95,40,53,85,0.49,0.501,0.17
2024-04-19 05:00:00,19.1,20.1,138,22.3,94,0.499,100,100,75,100,0.49,0.501,0.15
2024-04-19 06:00:00,19.1,20.1,145,24.9,94,0.507,100,100,42,83,0.491,0.501,0.13
2024-04-19 07:00:00,19.1,20.2,143,28.1,94,0.506,100,100,74,100,0.492,0.5,0.15
2024-04-19 08:00:00,19.7,21.6,139,23.1,89,0.52,100,100,93,75,0.501,0.5,0.28
2024-04-19 09:00:00,20.1,21.4,160,28.4,92,0.502,100,69,94,100,0.499,0.5,0.2
2024-04-19 10:00:00,20.4,22.4,185,27.2,89,0.504,100,96,100,98,0.499,0.499,0.3
2024-04-19 11:00:00,21.3,24.0,200,26.4,85,0.503,100,70,98,100,0.499,0.499,0.46
2024-04-19 12:00:00,21.7,24.5,216,22.7,85,0.504,100,5,17,100,0.499,0.499,0.47
2024-04-19 13:00:00,21.6,25.7,233,24.1,78,0.502,28,10,16,5,0.499,0.498,0.71
2024-04-19 14:00:00,21.3,27.2,247,26.6,70,0.499,25,1,8,19,0.499,0.498,1.06
2024-04-19 15:00:00,20.5,27.5,265,21.3,66,0.496,15,0,11,8,0.498,0.498,1.25
2024-04-19 16:00:00,19.6,27.4,283,18.9,62,0.493,22,0,14,15,0.497,0.497,1.37
2024-04-19 17:00:00,19.4,26.5,314,19.4,65,0.491,19,1,6,15,0.497,0.497,1.21
2024-04-19 18:00:00,19.9,24.8,345,20.9,74,0.49,37,28,9,9,0.496,0.496,0.81
2024-04-19 19:00:00,19.5,23.3,351,23.2,79,0.489,100,100,12,1,0.496,0.496,0.59
2024-04-19 20:00:00,19.0,22.1,9,20.9,83,0.489,97,97,6,4,0.496,0.496,0.45
2024-04-19 21:00:00,19.6,20.8,36,17.3,93,0.499,100,100,4,10,0.51,0.506,0.17
2024-04-19 22:00:00,19.2,19.9,50,12.7,96,0.498,100,100,47,100,0.51,0.506,0.09
2024-04-19 23:00:00,19.7,20.7,4,18.6,94,0.497,99,99,5,2,0.509,0.506,0.15
2024-04-20 00:00:00,19.3,19.9,17,14.1,97,0.496,99,99,8,8,0.508,0.506,0.08
2024-04-20 01:00:00,19.0,19.4,356,13.7,97,0.495,100,100,0,3,0.508,0.506,0.06
2024-04-20 02:00:00,19.0,19.3,340,18.9,98,0.495,100,100,0,9,0.507,0.506,0.05
2024-04-20 03:00:00,18.7,18.9,349,21.4,98,0.494,100,100,1,98,0.507,0.506,0.03
2024-04-20 04:00:00,18.5,18.6,346,17.5,99,0.493,100,100,10,100,0.506,0.505,0.02
2024-04-20 05:00:00,18.3,18.7,4,18.6,98,0.493,100,100,2,100,0.505,0.505,0.05
2024-04-20 06:00:00,18.2,18.7,4,16.3,97,0.492,100,100,4,100,0.505,0.505,0.07
2024-04-20 07:00:00,18.2,18.9,4,15.5,96,0.492,100,100,3,100,0.505,0.505,0.09
2024-04-20 08:00:00,18.3,19.4,360,16.9,93,0.492,100,100,5,100,0.504,0.504,0.15
2024-04-20 09:00:00,17.8,20.3,357,17.7,86,0.491,100,100,24,100,0.503,0.504,0.34
2024-04-20 10:00:00,17.9,20.6,16,18.7,85,0.491,100,100,3,100,0.503,0.504,0.37
2024-04-20 11:00:00,18.0,21.5,26,16.7,80,0.49,100,100,47,100,0.502,0.504,0.5
2024-04-20 12:00:00,18.2,22.4,28,15.9,77,0.49,100,100,8,100,0.502,0.503,0.62
2024-04-20 13:00:00,18.3,22.6,29,11.9,77,0.489,100,100,3,45,0.501,0.503,0.64
2024-04-20 14:00:00,18.4,23.5,7,10.6,73,0.49,100,100,38,93,0.5,0.503,0.78
2024-04-20 15:00:00,18.3,23.9,3,16.6,71,0.489,100,100,51,43,0.5,0.502,0.86
2024-04-20 16:00:00,18.1,24.2,7,16.8,69,0.488,100,100,63,49,0.499,0.502,0.94
2024-04-20 17:00:00,18.2,24.0,13,13.8,70,0.487,70,41,38,19,0.498,0.502,0.89
2024-04-20 18:00:00,18.6,23.7,9,13.2,73,0.486,40,7,16,23,0.498,0.502,0.79
2024-04-20 19:00:00,18.4,21.6,351,16.2,82,0.486,45,29,15,11,0.497,0.501,0.47
2024-04-20 20:00:00,17.9,20.8,360,17.5,83,0.486,67,57,8,19,0.497,0.501,0.41
2024-04-20 21:00:00,17.6,20.3,324,15.9,84,0.497,92,0,83,52,0.505,0.5,0.38
2024-04-20 22:00:00,17.4,19.9,322,14.7,86,0.496,53,4,44,17,0.504,0.5,0.34
2024-04-20 23:00:00,17.3,19.5,331,16.7,87,0.495,51,0,25,43,0.504,0.5,0.29
2024-04-21 00:00:00,17.0,19.2,342,21.7,87,0.495,100,1,21,100,0.504,0.5,0.29
2024-04-21 01:00:00,16.9,19.5,360,18.0,85,0.494,100,10,97,100,0.503,0.499,0.34
2024-04-21 02:00:00,16.9,19.5,18,17.4,85,0.493,100,31,77,100,0.503,0.499,0.34
2024-04-21 03:00:00,17.0,19.4,32,19.5,86,0.492,100,100,6,94,0.502,0.499,0.32
2024-04-21 04:00:00,17.2,18.4,21,15.3,92,0.492,100,100,42,96,0.502,0.499,0.16
2024-04-21 05:00:00,17.3,18.4,356,13.7,93,0.491,100,100,9,11,0.502,0.498,0.14
2024-04-21 06:00:00,17.3,18.3,348,15.5,94,0.491,100,100,24,92,0.501,0.498,0.12
2024-04-21 07:00:00,17.4,19.0,7,16.6,91,0.49,100,100,32,95,0.501,0.498,0.2
2024-04-21 08:00:00,17.7,19.9,351,15.8,87,0.49,100,100,27,21,0.501,0.498,0.3
2024-04-21 09:00:00,18.4,20.4,18,7.1,89,0.491,100,100,100,64,0.5,0.498,0.27
2024-04-21 10:00:00,18.8,21.3,14,11.3,86,0.494,100,100,100,15,0.5,0.497,0.36
2024-04-21 11:00:00,19.1,21.5,22,13.2,86,0.496,100,100,100,27,0.499,0.497,0.36
2024-04-21 12:00:00,19.3,21.3,25,13.2,89,0.51,100,99,99,12,0.5,0.497,0.29
2024-04-21 13:00:00,19.1,21.7,19,15.6,85,0.511,100,99,100,98,0.501,0.497,0.38
2024-04-21 14:00:00,19.0,21.3,9,15.7,86,0.509,100,100,100,100,0.502,0.496,0.34
2024-04-21 15:00:00,19.1,21.2,14,13.0,88,0.51,100,99,100,100,0.502,0.496,0.3
2024-04-21 16:00:00,19.3,21.2,16,9.9,89,0.511,100,83,100,3,0.503,0.496,0.29
2024-04-21 17:00:00,19.1,21.5,5,10.9,86,0.508,100,25,100,92,0.504,0.496,0.36
2024-04-21 18:00:00,18.9,21.4,18,11.5,86,0.505,43,0,39,21,0.504,0.496,0.37
2024-04-21 19:00:00,18.8,19.8,14,10.4,94,0.503,7,2,5,1,0.504,0.495,0.14
2024-04-21 20:00:00,18.5,19.7,7,8.0,93,0.502,24,7,16,2,0.504,0.495,0.16
2024-04-21 21:00:00,18.2,20.6,270,1.1,86,0.497,80,73,23,3,0.501,0.494,0.33
2024-04-21 22:00:00,18.3,20.1,333,2.2,89,0.496,26,6,20,2,0.501,0.494,0.26
2024-04-21 23:00:00,18.4,19.6,333,1.9,92,0.495,100,100,1,0,0.501,0.494,0.17
2024-04-22 00:00:00,18.5,19.2,216,3.3,95,0.494,100,100,10,6,0.501,0.494,0.1
2024-04-22 01:00:00,17.8,18.0,240,6.6,99,0.493,100,100,11,1,0.5,0.494,0.03
2024-04-22 02:00:00,18.5,18.8,285,5.8,98,0.493,100,100,17,0,0.5,0.493,0.04
2024-04-22 03:00:00,17.9,18.0,355,5.1,100,0.492,99,98,0,20,0.5,0.493,0.01
2024-04-22 04:00:00,18.3,18.3,90,1.8,100,0.491,100,100,4,99,0.5,0.493,0.01
2024-04-22 05:00:00,17.0,17.0,163,2.5,100,0.491,100,0,26,100,0.499,0.493,0.0
2024-04-22 06:00:00,17.5,17.5,150,3.9,100,0.491,100,11,44,100,0.499,0.493,0.01
2024-04-22 07:00:00,17.8,17.9,158,7.9,99,0.492,100,0,12,100,0.499,0.492,0.02
2024-04-22 08:00:00,18.2,18.8,147,6.1,96,0.492,100,0,5,100,0.499,0.492,0.08
2024-04-22 09:00:00,18.2,21.0,166,3.4,84,0.49,99,99,14,47,0.499,0.492,0.4
2024-04-22 10:00:00,17.6,22.2,207,1.1,75,0.49,99,96,12,67,0.498,0.492,0.66
2024-04-22 11:00:00,18.0,23.0,360,0.8,73,0.49,100,94,4,100,0.498,0.491,0.75
2024-04-22 12:00:00,18.1,24.0,149,2.3,69,0.489,100,100,20,98,0.497,0.491,0.91
2024-04-22 13:00:00,17.9,24.7,210,3.5,66,0.487,100,100,35,100,0.496,0.491,1.05
2024-04-22 14:00:00,17.9,24.6,229,7.9,66,0.486,100,100,14,95,0.495,0.49,1.04
2024-04-22 15:00:00,17.8,24.6,230,7.4,66,0.484,100,89,4,99,0.495,0.49,1.05
2024-04-22 16:00:00,17.8,24.5,233,4.4,66,0.483,97,96,55,10,0.494,0.49,1.03
2024-04-22 17:00:00,18.9,23.3,248,2.1,76,0.499,100,96,93,4,0.494,0.489,0.68
2024-04-22 18:00:00,19.2,22.5,315,5.9,82,0.497,42,1,30,20,0.494,0.489,0.5
2024-04-22 19:00:00,19.3,21.2,351,11.0,89,0.496,18,3,7,9,0.494,0.489,0.28
2024-04-22 20:00:00,19.1,20.3,356,13.6,93,0.495,100,0,100,6,0.494,0.489,0.16
2024-04-22 21:00:00,19.0,20.1,352,18.1,93,0.493,100,0,100,20,0.494,0.488,0.16
2024-04-22 22:00:00,19.0,20.1,348,13.7,93,0.492,100,0,100,100,0.494,0.488,0.16
2024-04-22 23:00:00,19.1,20.2,345,14.7,94,0.491,100,0,97,100,0.494,0.488,0.15
2024-04-23 00:00:00,19.2,19.9,336,17.3,95,0.491,97,0,96,37,0.493,0.487,0.11
2024-04-23 01:00:00,19.1,19.7,340,20.1,96,0.49,100,0,100,18,0.493,0.487,0.08
2024-04-23 02:00:00,18.9,19.7,340,21.4,95,0.489,100,0,100,12,0.493,0.487,0.11
2024-04-23 03:00:00,18.7,19.5,344,22.5,95,0.489,100,0,100,17,0.493,0.487,0.12
2024-04-23 04:00:00,18.3,19.2,349,20.0,95,0.488,100,0,100,9,0.493,0.486,0.12
2024-04-23 05:00:00,18.2,19.2,343,17.7,94,0.488,100,22,100,33,0.493,0.486,0.13
2024-04-23 06:00:00,18.2,19.2,333,15.3,94,0.488,100,100,49,33,0.493,0.486,0.13
2024-04-23 07:00:00,18.1,19.3,346,16.2,93,0.488,100,100,39,25,0.493,0.486,0.16
2024-04-23 08:00:00,18.0,20.0,346,15.5,88,0.487,100,100,1,27,0.492,0.486,0.27
2024-04-23 09:00:00,17.2,20.0,338,14.7,84,0.489,98,98,0,27,0.492,0.485,0.37
2024-04-23 10:00:00,17.1,20.9,354,17.4,79,0.488,99,98,18,20,0.492,0.485,0.52
2024-04-23 11:00:00,16.6,22.7,354,18.1,68,0.485,90,79,0,52,0.491,0.485,0.88
2024-04-23 12:00:00,15.8,24.3,359,18.7,59,0.482,57,33,0,36,0.49,0.484,1.24
2024-04-23 13:00:00,15.9,25.2,349,20.1,57,0.479,39,36,0,5,0.489,0.484,1.39
2024-04-23 14:00:00,15.7,25.7,6,23.1,54,0.476,97,96,0,27,0.488,0.483,1.52
2024-04-23 15:00:00,15.7,25.7,7,23.2,54,0.473,59,53,0,13,0.487,0.483,1.52
2024-04-23 16:00:00,15.3,25.4,11,23.1,54,0.471,38,32,6,1,0.486,0.482,1.51
2024-04-23 17:00:00,16.1,24.9,14,21.6,58,0.47,98,98,0,0,0.485,0.482,1.33
2024-04-23 18:00:00,17.0,23.7,2,21.3,66,0.469,100,100,0,0,0.485,0.482,0.98
2024-04-23 19:00:00,16.7,21.9,350,23.1,72,0.469,100,100,0,0,0.484,0.481,0.72
2024-04-23 20:00:00,16.6,21.0,350,23.4,76,0.469,99,99,0,0,0.484,0.481,0.59
2024-04-23 21:00:00,17.3,20.3,349,19.6,83,0.466,87,87,1,0,0.482,0.481,0.41
2024-04-23 22:00:00,17.3,19.8,16,17.1,86,0.466,52,51,18,0,0.482,0.481,0.33
2024-04-23 23:00:00,17.4,19.0,47,13.1,90,0.466,12,11,2,0,0.482,0.481,0.21
2024-04-24 00:00:00,16.8,18.0,49,13.0,93,0.466,81,78,11,0,0.481,0.481,0.14
2024-04-24 01:00:00,16.9,18.4,33,19.1,91,0.467,95,95,7,0,0.481,0.48,0.19
2024-04-24 02:00:00,16.7,18.1,37,18.9,91,0.467,99,99,7,0,0.481,0.48,0.18
2024-04-24 03:00:00,16.6,17.8,49,17.1,92,0.467,100,100,0,0,0.481,0.48,0.16
2024-04-24 04:00:00,16.3,17.5,65,15.2,93,0.467,99,98,12,0,0.481,0.48,0.14
2024-04-24 05:00:00,16.1,17.1,97,14.4,94,0.467,100,100,0,0,0.481,0.48,0.13
2024-04-24 06:00:00,15.8,16.6,125,11.5,95,0.467,98,98,0,0,0.48,0.479,0.09
2024-04-24 07:00:00,16.7,18.1,135,9.2,92,0.467,68,68,1,0,0.48,0.479,0.17
2024-04-24 08:00:00,18.0,20.2,164,7.1,87,0.467,66,64,3,0,0.48,0.479,0.3
2024-04-24 09:00:00,18.9,22.0,193,6.2,83,0.463,100,100,1,0,0.478,0.479,0.46
2024-04-24 10:00:00,19.4,23.7,180,3.0,77,0.461,100,100,9,0,0.477,0.479,0.69
2024-04-24 11:00:00,18.3,25.3,113,6.3,65,0.46,99,99,30,6,0.476,0.478,1.11
2024-04-24 12:00:00,17.5,26.2,124,8.3,59,0.459,100,100,42,7,0.475,0.478,1.4
2024-04-24 13:00:00,17.2,26.9,146,8.5,55,0.457,100,100,81,5,0.474,0.477,1.58
2024-04-24 14:00:00,17.0,26.5,164,8.8,56,0.455,100,99,53,6,0.473,0.477,1.52
2024-04-24 15:00:00,17.0,27.0,148,10.1,54,0.454,87,84,9,8,0.472,0.477,1.62
2024-04-24 16:00:00,16.2,27.2,146,11.6,51,0.452,89,89,4,0,0.472,0.476,1.76
2024-04-24 17:00:00,16.6,26.3,141,13.0,55,0.451,74,61,30,4,0.471,0.476,1.52
2024-04-24 18:00:00,18.0,24.8,151,15.1,66,0.45,92,66,79,14,0.47,0.476,1.07
2024-04-24 19:00:00,17.8,22.7,135,11.2,74,0.463,27,8,21,0,0.47,0.475,0.72
2024-04-24 20:00:00,18.3,21.5,50,10.6,82,0.463,15,3,12,1,0.47,0.475,0.46
2024-04-24 21:00:00,18.8,21.2,12,13.9,86,0.474,100,0,100,14,0.471,0.475,0.35
2024-04-24 22:00:00,19.1,20.7,54,10.0,91,0.473,35,3,32,1,0.471,0.475,0.22
2024-04-24 23:00:00,18.7,20.4,70,13.2,90,0.473,100,96,95,0,0.471,0.475,0.24
2024-04-25 00:00:00,18.2,20.0,82,12.6,89,0.473,73,41,54,0,0.471,0.474,0.25
2024-04-25 01:00:00,18.0,19.4,98,11.7,92,0.472,100,98,93,9,0.471,0.474,0.18
2024-04-25 02:00:00,18.2,19.4,98,9.4,93,0.472,97,97,8,5,0.471,0.474,0.16
2024-04-25 03:00:00,17.6,18.9,82,7.0,92,0.472,100,100,1,5,0.471,0.474,0.17
2024-04-25 04:00:00,17.4,18.2,52,8.4,95,0.472,100,100,4,3,0.471,0.473,0.1
2024-04-25 05:00:00,17.2,18.0,56,8.7,95,0.471,100,100,7,12,0.471,0.473,0.1
2024-04-25 06:00:00,17.4,18.2,56,8.9,95,0.471,100,100,26,18,0.471,0.473,0.1
2024-04-25 07:00:00,17.8,19.2,67,13.1,92,0.471,100,100,1,8,0.471,0.473,0.19
2024-04-25 08:00:00,18.5,20.1,86,16.2,90,0.472,100,100,3,12,0.471,0.472,0.23
2024-04-25 09:00:00,18.8,20.1,243,2.3,93,0.492,100,100,77,47,0.471,0.472,0.18
2024-04-25 10:00:00,18.9,20.5,173,3.6,91,0.514,100,100,99,78,0.473,0.472,0.23
2024-04-25 11:00:00,19.1,20.7,204,4.7,90,0.514,99,98,71,0,0.478,0.472,0.24
2024-04-25 12:00:00,19.7,21.7,252,4.5,88,0.5,100,52,100,100,0.486,0.472,0.3
2024-04-25 13:00:00,19.7,23.2,135,2.0,81,0.497,95,1,66,95,0.487,0.471,0.55
2024-04-25 14:00:00,19.7,24.4,329,2.3,75,0.495,100,12,11,100,0.487,0.471,0.77
2024-04-25 15:00:00,19.4,25.2,356,5.4,70,0.492,100,11,10,100,0.486,0.471,0.95
2024-04-25 16:00:00,19.5,25.5,356,6.8,70,0.49,100,15,8,100,0.486,0.471,0.99
2024-04-25 17:00:00,19.6,25.2,18,10.2,71,0.488,99,97,12,54,0.486,0.47,0.92
2024-04-25 18:00:00,19.9,24.2,15,15.5,77,0.487,91,88,16,21,0.485,0.47,0.7
2024-04-25 19:00:00,19.7,22.9,8,15.7,82,0.486,24,6,17,4,0.485,0.47,0.5
2024-04-25 20:00:00,19.4,21.7,34,12.1,87,0.485,19,6,8,7,0.485,0.47,0.34
2024-04-25 21:00:00,19.6,21.8,29,6.7,88,0.479,19,5,14,2,0.478,0.47,0.32
2024-04-25 22:00:00,19.6,21.2,62,11.1,90,0.479,23,0,21,3,0.478,0.47,0.24
2024-04-25 23:00:00,19.3,20.4,69,11.5,94,0.478,18,5,6,9,0.478,0.47,0.15
2024-04-26 00:00:00,19.2,20.6,72,6.0,92,0.478,81,73,9,20,0.478,0.469,0.2
2024-04-26 01:00:00,19.5,21.0,90,3.3,91,0.478,100,100,2,36,0.478,0.469,0.22
2024-04-26 02:00:00,19.3,20.3,151,2.6,94,0.477,95,93,15,14,0.478,0.469,0.14
2024-04-26 03:00:00,19.7,20.4,156,3.0,96,0.477,98,98,0,4,0.478,0.469,0.1
2024-04-26 04:00:00,19.0,19.3,104,5.3,98,0.477,100,99,10,30,0.478,0.469,0.04
2024-04-26 05:00:00,18.8,19.1,103,6.2,98,0.476,67,38,4,45,0.478,0.468,0.03
2024-04-26 06:00:00,18.6,18.9,79,3.3,98,0.476,63,0,13,59,0.478,0.468,0.04
2024-04-26 07:00:00,19.6,19.8,90,4.5,98,0.476,73,0,14,68,0.478,0.468,0.04
2024-04-26 08:00:00,20.2,21.6,132,6.4,92,0.475,29,0,27,5,0.478,0.468,0.21
2024-04-26 09:00:00,19.6,23.1,191,2.2,81,0.477,91,0,19,89,0.478,0.468,0.55
2024-04-26 10:00:00,19.6,24.0,225,3.6,76,0.477,41,0,8,40,0.478,0.467,0.7
2024-04-26 11:00:00,19.4,25.0,256,5.6,71,0.476,39,0,16,36,0.477,0.467,0.92
2024-04-26 12:00:00,19.3,26.0,297,6.8,66,0.474,25,0,7,24,0.476,0.467,1.13
2024-04-26 13:00:00,19.1,27.0,309,8.9,62,0.472,10,0,3,10,0.476,0.466,1.36
2024-04-26 14:00:00,18.6,27.8,313,7.4,57,0.469,12,1,6,10,0.474,0.466,1.6
2024-04-26 15:00:00,18.7,28.2,313,8.9,56,0.466,22,5,6,17,0.473,0.466,1.67
2024-04-26 16:00:00,18.4,27.7,326,12.2,57,0.464,19,14,5,3,0.473,0.465,1.61
2024-04-26 17:00:00,18.0,27.0,346,11.5,58,0.462,19,12,8,3,0.472,0.465,1.51
2024-04-26 18:00:00,19.7,26.0,9,10.5,68,0.462,18,11,7,1,0.472,0.465,1.07
2024-04-26 19:00:00,19.3,23.4,33,9.8,78,0.461,23,20,3,0,0.471,0.465,0.64
2024-04-26 20:00:00,18.5,22.5,45,9.3,78,0.461,4,2,1,0,0.471,0.464,0.59
2024-04-26 21:00:00,20.2,22.7,152,9.3,86,0.453,9,0,3,6,0.467,0.465,0.39
2024-04-26 22:00:00,20.6,22.2,137,14.6,91,0.453,6,0,2,4,0.467,0.465,0.25
2024-04-26 23:00:00,20.4,21.6,106,15.8,93,0.453,2,0,0,2,0.467,0.465,0.19
2024-04-27 00:00:00,19.8,20.7,87,11.7,95,0.453,3,0,0,3,0.467,0.464,0.12
2024-04-27 01:00:00,19.4,20.1,84,9.3,96,0.453,4,0,0,4,0.467,0.464,0.1
2024-04-27 02:00:00,19.5,20.2,79,12.6,95,0.454,2,0,0,2,0.467,0.464,0.11
2024-04-27 03:00:00,19.2,20.1,72,14.6,95,0.454,1,0,0,1,0.467,0.464,0.13
2024-04-27 04:00:00,19.0,19.9,60,14.8,94,0.454,0,0,0,0,0.467,0.464,0.13
2024-04-27 05:00:00,18.7,19.6,83,14.4,95,0.454,17,17,0,0,0.467,0.464,0.12
2024-04-27 06:00:00,18.7,19.6,93,15.5,95,0.454,100,100,0,0,0.466,0.463,0.12
2024-04-27 07:00:00,19.4,20.8,108,12.6,92,0.454,98,98,0,0,0.466,0.463,0.2
2024-04-27 08:00:00,20.2,22.5,131,7.5,87,0.454,91,91,0,0,0.466,0.463,0.36
2024-04-27 09:00:00,20.9,24.1,104,2.4,82,0.453,100,100,0,0,0.465,0.463,0.53
2024-04-27 10:00:00,21.4,25.8,97,3.6,77,0.451,100,100,3,2,0.465,0.462,0.77
2024-04-27 11:00:00,21.6,27.0,142,7.4,73,0.45,100,100,3,11,0.464,0.462,0.98
2024-04-27 12:00:00,21.6,27.7,110,9.0,69,0.448,100,100,7,5,0.463,0.462,1.13
2024-04-27 13:00:00,21.3,28.1,128,5.2,66,0.448,100,100,86,17,0.462,0.461,1.28
2024-04-27 14:00:00,21.1,26.9,204,4.2,71,0.451,100,100,44,21,0.462,0.461,1.04
2024-04-27 15:00:00,21.8,24.0,183,10.1,87,0.498,59,25,7,41,0.471,0.461,0.38
2024-04-27 16:00:00,21.9,24.8,90,6.1,84,0.495,20,7,13,0,0.471,0.461,0.51
2024-04-27 17:00:00,21.8,25.2,8,14.1,81,0.492,37,15,10,19,0.472,0.461,0.6
2024-04-27 18:00:00,21.6,24.5,37,12.5,84,0.49,91,90,6,9,0.472,0.46,0.49
2024-04-27 19:00:00,21.6,23.4,46,21.7,90,0.488,100,100,4,1,0.472,0.46,0.29
2024-04-27 20:00:00,20.9,22.6,69,21.2,90,0.487,100,100,7,4,0.473,0.46,0.28
2024-04-27 21:00:00,21.7,22.4,65,10.1,96,0.488,100,100,0,0,0.472,0.461,0.11
2024-04-27 22:00:00,21.8,22.5,25,12.5,96,0.487,99,99,15,0,0.472,0.461,0.11
2024-04-27 23:00:00,21.4,22.0,63,12.7,96,0.486,80,76,16,0,0.472,0.46,0.09
2024-04-28 00:00:00,20.8,21.7,126,7.0,95,0.485,53,34,25,4,0.473,0.46,0.13
2024-04-28 01:00:00,20.6,21.0,270,7.3,97,0.484,98,98,2,1,0.473,0.46,0.07
2024-04-28 02:00:00,20.4,20.7,141,9.4,98,0.483,100,100,12,4,0.473,0.46,0.04
2024-04-28 03:00:00,20.6,21.2,167,5.9,96,0.482,100,100,44,0,0.473,0.46,0.1
2024-04-28 04:00:00,20.7,21.6,45,0.7,95,0.487,97,85,80,3,0.473,0.46,0.14
2024-04-28 05:00:00,20.2,20.6,39,7.2,97,0.487,96,86,61,18,0.474,0.46,0.07
2024-04-28 06:00:00,20.3,20.7,84,6.1,98,0.486,96,48,47,85,0.474,0.459,0.06
2024-04-28 07:00:00,20.4,21.2,78,6.3,95,0.486,100,24,47,100,0.474,0.459,0.13
2024-04-28 08:00:00,20.6,21.7,34,3.2,93,0.485,94,4,11,93,0.474,0.459,0.17
2024-04-28 09:00:00,20.3,22.9,333,18.0,85,0.499,38,0,32,22,0.481,0.459,0.42
2024-04-28 10:00:00,20.2,24.1,349,12.5,79,0.496,26,0,21,6,0.482,0.459,0.63
2024-04-28 11:00:00,20.6,25.9,263,3.2,72,0.492,12,3,8,5,0.481,0.458,0.92
2024-04-28 12:00:00,21.0,27.2,240,8.4,69,0.488,9,0,4,5,0.481,0.458,1.12
2024-04-28 13:00:00,21.5,27.6,265,9.0,69,0.485,33,4,21,15,0.48,0.458,1.13
2024-04-28 14:00:00,21.6,27.8,270,9.0,69,0.482,19,4,8,9,0.479,0.457,1.16
2024-04-28 15:00:00,21.0,28.0,285,10.1,66,0.48,23,0,15,10,0.478,0.457,1.28
2024-04-28 16:00:00,20.8,28.2,311,10.2,64,0.478,14,0,6,11,0.477,0.457,1.36
2024-04-28 17:00:00,20.7,27.9,343,13.2,65,0.476,14,0,3,13,0.477,0.457,1.32
2024-04-28 18:00:00,21.6,27.0,6,13.8,72,0.475,13,0,4,9,0.476,0.457,0.98
2024-04-28 19:00:00,21.7,24.4,30,10.8,85,0.475,5,0,1,4,0.476,0.456,0.46
2024-04-28 20:00:00,21.1,24.1,60,8.1,83,0.474,4,0,0,4,0.476,0.456,0.51
2024-04-28 21:00:00,20.5,24.2,40,24.0,80,0.474,0,0,0,0,0.476,0.455,0.61
2024-04-28 22:00:00,20.2,23.1,33,21.3,84,0.473,0,0,0,0,0.476,0.454,0.46
2024-04-28 23:00:00,20.1,22.2,38,19.7,88,0.473,9,9,0,0,0.475,0.454,0.33
2024-04-29 00:00:00,19.9,21.5,43,18.6,91,0.473,13,13,0,0,0.475,0.454,0.23
2024-04-29 01:00:00,19.6,20.7,28,9.4,93,0.472,100,100,0,0,0.475,0.454,0.17
2024-04-29 02:00:00,19.7,20.9,33,21.9,93,0.472,98,98,13,0,0.475,0.454,0.17
2024-04-29 03:00:00,19.7,20.7,33,16.8,94,0.472,100,100,8,1,0.475,0.454,0.15
2024-04-29 04:00:00,19.5,20.3,18,11.3,95,0.472,99,98,29,2,0.475,0.454,0.12
2024-04-29 05:00:00,19.5,20.2,12,16.1,96,0.472,100,100,10,0,0.475,0.454,0.1
2024-04-29 06:00:00,19.3,19.7,94,7.3,98,0.471,92,91,8,0,0.475,0.453,0.05
2024-04-29 07:00:00,19.8,20.7,352,7.6,94,0.471,97,97,1,2,0.475,0.453,0.14
2024-04-29 08:00:00,20.4,22.2,333,0.0,89,0.471,100,100,31,29,0.474,0.453,0.29
2024-04-29 09:00:00,20.9,22.8,107,7.1,89,0.476,100,100,6,1,0.474,0.453,0.3
2024-04-29 10:00:00,21.2,24.4,170,13.1,83,0.475,100,100,11,97,0.473,0.453,0.53
2024-04-29 11:00:00,21.4,24.8,153,7.9,81,0.476,100,100,0,64,0.473,0.453,0.58
2024-04-29 12:00:00,21.7,25.2,131,15.1,81,0.485,100,100,1,84,0.473,0.453,0.61
2024-04-29 13:00:00,22.0,26.3,142,13.3,77,0.484,100,100,6,100,0.473,0.453,0.79
2024-04-29 14:00:00,22.4,26.8,135,13.0,77,0.482,100,97,1,100,0.473,0.452,0.8
2024-04-29 15:00:00,22.8,27.5,140,11.8,76,0.481,100,100,0,100,0.473,0.452,0.89
2024-04-29 16:00:00,23.0,27.8,132,11.8,75,0.48,64,35,9,39,0.473,0.452,0.92
2024-04-29 17:00:00,23.0,27.4,174,14.7,77,0.48,100,70,48,100,0.472,0.452,0.84
2024-04-29 18:00:00,22.4,24.0,243,4.2,91,0.511,100,81,68,100,0.48,0.452,0.27
2024-04-29 19:00:00,21.8,22.8,58,6.4,94,0.52,100,100,28,100,0.51,0.452,0.16
2024-04-29 20:00:00,21.6,22.6,180,1.1,94,0.519,100,100,74,94,0.52,0.455,0.16
2024-04-29 21:00:00,21.0,21.7,347,19.5,96,0.52,100,100,100,100,0.52,0.479,0.1
2024-04-29 22:00:00,20.7,21.3,22,23.3,97,0.506,100,100,96,76,0.519,0.494,0.08
2024-04-29 23:00:00,20.9,21.4,10,17.4,97,0.51,100,100,23,100,0.516,0.495,0.07
2024-04-30 00:00:00,20.9,21.2,351,17.7,98,0.508,100,100,99,100,0.519,0.497,0.05
2024-04-30 01:00:00,20.6,21.0,353,23.0,98,0.511,100,100,100,100,0.52,0.5,0.05
2024-04-30 02:00:00,20.4,20.8,349,27.2,98,0.497,100,100,63,100,0.518,0.505,0.06
2024-04-30 03:00:00,20.3,20.7,330,25.0,98,0.52,100,100,88,100,0.517,0.505,0.06
2024-04-30 04:00:00,20.2,20.6,323,25.0,97,0.509,100,100,100,100,0.516,0.508,0.07
2024-04-30 05:00:00,19.3,19.8,322,33.7,97,0.497,100,100,99,100,0.517,0.51,0.08
2024-04-30 06:00:00,18.5,19.3,324,32.8,95,0.498,100,100,23,100,0.515,0.511,0.12
2024-04-30 07:00:00,18.3,19.2,324,30.3,95,0.497,100,100,79,100,0.513,0.511,0.12
2024-04-30 08:00:00,18.3,19.3,328,30.0,94,0.497,100,100,63,100,0.512,0.511,0.13
2024-04-30 09:00:00,16.8,18.4,319,28.5,90,0.504,100,100,14,100,0.512,0.502,0.2
2024-04-30 10:00:00,15.9,18.1,319,33.6,87,0.503,100,100,100,100,0.511,0.502,0.28
2024-04-30 11:00:00,15.6,17.7,318,31.4,88,0.504,100,100,83,100,0.51,0.502,0.25
2024-04-30 12:00:00,15.6,18.2,333,31.2,85,0.505,100,100,100,100,0.51,0.502,0.32
2024-04-30 13:00:00,15.3,18.2,330,32.4,83,0.507,100,100,94,100,0.51,0.503,0.36
2024-04-30 14:00:00,15.1,17.9,334,32.9,83,0.506,100,100,3,48,0.509,0.503,0.34
2024-04-30 15:00:00,14.7,18.6,343,40.0,78,0.503,100,100,0,100,0.509,0.503,0.48
2024-04-30 16:00:00,14.0,17.8,343,39.6,78,0.501,100,96,13,100,0.508,0.503,0.44
2024-04-30 17:00:00,13.3,17.1,344,37.8,78,0.5,100,0,5,100,0.507,0.503,0.42
2024-04-30 18:00:00,13.0,16.7,351,32.7,79,0.498,100,0,11,100,0.507,0.503,0.4
2024-04-30 19:00:00,13.0,16.1,342,26.8,82,0.497,100,0,15,100,0.506,0.503,0.33
2024-04-30 20:00:00,12.7,16.0,339,29.5,81,0.496,100,0,32,100,0.506,0.503,0.34
2024-04-30 21:00:00,12.4,15.2,338,28.4,84,0.495,44,0,18,33,0.509,0.506,0.28
2024-04-30 22:00:00,12.4,14.7,338,27.2,86,0.494,51,1,1,50,0.508,0.506,0.24
2024-04-30 23:00:00,12.2,14.5,338,28.8,86,0.494,100,0,5,100,0.508,0.506,0.22
